{
  "version": "1",
  "cognitoConfig": {
    "identityPoolName": "repsappmobile260f39ee_identitypool_260f39ee",
    "allowUnauthenticatedIdentities": false,
    "resourceNameTruncated": "repsap260f39ee",
    "userPoolName": "repsappmobile260f39ee_userpool_260f39ee",
    "autoVerifiedAttributes": [
      "email"
    ],
    "mfaConfiguration": "OPTIONAL",
    "mfaTypes": [
      "SMS Text Message"
    ],
    "smsAuthenticationMessage": "Your authentication code is {####}",
    "smsVerificationMessage": "Your verification code is {####}",
    "emailVerificationSubject": "Your verification code",
    "emailVerificationMessage": "Your verification code is {####}",
    "defaultPasswordPolicy": false,
    "passwordPolicyMinLength": 8,
    "passwordPolicyCharacters": [],
    "requiredAttributes": [
      "email"
    ],
    "aliasAttributes": [],
    "userpoolClientGenerateSecret": false,
    "userpoolClientRefreshTokenValidity": 30,
    "userpoolClientWriteAttributes": [
      "email"
    ],
    "userpoolClientReadAttributes": [
      "email"
    ],
    "userpoolClientLambdaRole": "repsap260f39ee_userpoolclient_lambda_role",
    "userpoolClientSetAttributes": false,
    "sharedId": "260f39ee",
    "resourceName": "repsappmobile260f39ee",
    "authSelections": "identityPoolAndUserPool",
    "useDefault": "manual",
    "hostedUI": false,
    "usernameAttributes": [
      "email, phone_number"
    ],
    "userPoolGroupList": [
      "Members"
    ],
    "serviceName": "Cognito",
    "usernameCaseSensitive": false,
    "useEnabledMfas": true,
    "authRoleArn": {
      "Fn::GetAtt": [
        "AuthRole",
        "Arn"
      ]
    },
    "unauthRoleArn": {
      "Fn::GetAtt": [
        "UnauthRole",
        "Arn"
      ]
    },
    "breakCircularDependency": true,
    "dependsOn": [],
    "signinwithappleAuthorizeScopes": [
      "email"
    ],
    "thirdPartyAuth": true,
    "authProviders": [],
    "userPoolGroups": false,
    "adminQueries": false,
    "triggers": {},
    "parentStack": {
      "Ref": "AWS::StackId"
    },
    "permissions": []
  }
} 