<?xml version="1.0" encoding="utf-8"?>
<LWM2M xmlns:xsi="http://www.w3.org/2001/XMLSchema-instance" xsi:noNamespaceSchemaLocation="http://openmobilealliance.org/tech/profiles/LWM2M.xsd">
  <Object ObjectType="MODefinition">
        <Name>Configuration</Name>
        <Description1><![CDATA[Asset Tracker v2 configuration object.]]></Description1>
        <ObjectID>50009</ObjectID>
        <ObjectURN></ObjectURN>
        <MultipleInstances>Single</MultipleInstances>
        <Mandatory>Optional</Mandatory>
        <Resources>
            <Item ID="0">
                <Name>Passive mode</Name>
                <Operations>RW</Operations>
                <MultipleInstances>Single</MultipleInstances>
                <Mandatory>Mandatory</Mandatory>
                <Type>Boolean</Type>
                <RangeEnumeration></RangeEnumeration>
                <Units></Units>
                <Description><![CDATA[Sample and publish data upon movement.]]></Description>
            </Item>
            <Item ID="1">
                <Name>Location timeout</Name>
                <Operations>RW</Operations>
                <MultipleInstances>Single</MultipleInstances>
                <Mandatory>Mandatory</Mandatory>
                <Type>Integer</Type>
                <RangeEnumeration></RangeEnumeration>
                <Units></Units>
                <Description><![CDATA[Timeout for location request during data sampling.]]></Description>
            </Item>
            <Item ID="2">
                <Name>Active wait time</Name>
                <Operations>RW</Operations>
                <MultipleInstances>Single</MultipleInstances>
                <Mandatory>Mandatory</Mandatory>
                <Type>Integer</Type>
                <RangeEnumeration></RangeEnumeration>
                <Units></Units>
                <Description><![CDATA[Number of seconds between each sampling/publication in active mode.]]></Description>
            </Item>
            <Item ID="3">
                <Name>Movement resolution</Name>
                <Operations>RW</Operations>
                <MultipleInstances>Single</MultipleInstances>
                <Mandatory>Mandatory</Mandatory>
                <Type>Integer</Type>
                <RangeEnumeration></RangeEnumeration>
                <Units></Units>
                <Description><![CDATA[Number of seconds between each sampling/publication in passive mode, given that the device is moving.]]></Description>
            </Item>
            <Item ID="4">
                <Name>Movement timeout</Name>
                <Operations>RW</Operations>
                <MultipleInstances>Single</MultipleInstances>
                <Mandatory>Mandatory</Mandatory>
                <Type>Integer</Type>
                <RangeEnumeration></RangeEnumeration>
                <Units></Units>
                <Description><![CDATA[Number of seconds between each sampling/publication in passive mode, whether the device is moving or not.]]></Description>
            </Item>
            <Item ID="5">
                <Name>Accelerometer activity threshold</Name>
                <Operations>RW</Operations>
                <MultipleInstances>Single</MultipleInstances>
                <Mandatory>Mandatory</Mandatory>
                <Type>Float</Type>
                <RangeEnumeration></RangeEnumeration>
                <Units></Units>
                <Description><![CDATA[Accelerometer activity threshold in m/s². Minimum absolute value in m/s² for accelerometer readings to be considered valid movement.]]></Description>
            </Item>
            <Item ID="6">
                <Name>GNSS enable</Name>
                <Operations>RW</Operations>
                <MultipleInstances>Single</MultipleInstances>
                <Mandatory>Mandatory</Mandatory>
                <Type>Boolean</Type>
                <RangeEnumeration></RangeEnumeration>
                <Units></Units>
                <Description><![CDATA[Enable GNSS sampling]]></Description>
            </Item>
            <Item ID="7">
                <Name>Neighbor cell measurements enable</Name>
                <Operations>RW</Operations>
                <MultipleInstances>Single</MultipleInstances>
                <Mandatory>Mandatory</Mandatory>
                <Type>Boolean</Type>
                <RangeEnumeration></RangeEnumeration>
                <Units></Units>
                <Description><![CDATA[Enable neighbor cell measurements.]]></Description>
            </Item>
            <Item ID="8">
                <Name>Accelerometer inactivity threshold</Name>
                <Operations>RW</Operations>
                <MultipleInstances>Single</MultipleInstances>
                <Mandatory>Mandatory</Mandatory>
                <Type>Float</Type>
                <RangeEnumeration></RangeEnumeration>
                <Units></Units>
                <Description><![CDATA[Accelerometer inactivity threshold in m/s². Maximum absolute value in m/s² for accelerometer readings to be considered stillness.]]></Description>
            </Item>
            <Item ID="9">
                <Name>Accelerometer inactivity timeout</Name>
                <Operations>RW</Operations>
                <MultipleInstances>Single</MultipleInstances>
                <Mandatory>Mandatory</Mandatory>
                <Type>Float</Type>
                <RangeEnumeration></RangeEnumeration>
                <Units></Units>
                <Description><![CDATA[Accelerometer inactivity timeout in seconds. Minimum time without movement for being considered inactivity.]]></Description>
            </Item>
        </Resources>
        <Description2></Description2>
    </Object>
</LWM2M>
